[
  {
    "name": "[直]韩剧看看",
    "version": 2,
    "webSite": "https://www.hanjukankan.com",
    "instance": "hjkk20240624",
    "api": "vod/js/hjkk.js",
    "type": 100
  },
  {
    "name": "[直]金牌影视",
    "version": 2,
    "webSite": "https://www.ghw9zwp5.com",
    "instance": "jpyy20240716",
    "api": "vod/js/jpyy.js",
    "type": 100
  },
  {
    "name": "[直]蛋蛋剧",
    "version": 2,
    "webSite": "https://www.dandanju.tv",
    "api": "vod/js/dandanju.js",
    "type": 101
  },
  {
    "name": "[直]虎斑盘",
    "version": 1,
    "webSite": "http://103.45.162.207:20720",
    "api": "vod/js/huban.js",
    "type": 101
  },
  {
    "name": "[直]老白听书",
    "version": 2,
    "webSite": "https://apk-lb-json.fodexin.com",
    "instance": "laobai20240831",
    "api": "vod/js/laobai.js",
    "type": 100
  },
  {
    "name": "[直]素白白",
    "version": 2,
    "webSite": "https://www.subaibaiys.com",
    "instance": "sbb20240624",
    "api": "vod/js/subaibai.js",
    "type": 100
  },
  {
    "name": "[直]短剧天堂",
    "version": 2,
    "webSite": "https://duanjutt.tv",
    "instance": "duanjutt20240922",
    "api": "vod/js/duanjutt.js",
    "type": 100
  },
  {
    "name": "[直]瓜子web",
    "version": 2,
    "webSite": "https://api.zaqohu.com",
    "instance": "gzys20240822",
    "api": "vod/js/gzys.js",
    "type": 100
  },
  {
    "name": "[直]瓜子 app",
    "version": 2,
    "remark": "v1.6.53 及以上版本",
    "webSite": "https://api.9cec79d.com",
    "codeID": "ra5Z3wtXKshzSMK2",
    "instance": "gzapp20241001",
    "api": "vod/js/gzapp.txt",
    "type": 100
  },
  {
    "name": "[直]烧火",
    "version": 2,
    "webSite": "https://saohuo.tv",
    "instance": "saohuo20240623",
    "api": "vod/js/saohuo.js",
    "type": 100
  },
  {
    "name": "[直]欧乐影视",
    "version": 2,
    "webSite": "https://www.olevod.tv",
    "instance": "olevod20240620",
    "api": "vod/js/olevod.js",
    "type": 100
  },
  {
    "name": "[直]天天影视",
    "version": 2,
    "webSite": "http://op.ysdqjs.cn",
    "instance": "tiantian20240629",
    "api": "vod/js/tiantian.js",
    "type": 100
  },
  {
    "name": "[直]在线之家",
    "version": 2,
    "webSite": "https://www.zxzja.com",
    "instance": "zxzj20240620",
    "api": "vod/js/zxzj.js",
    "type": 100
  },
  {
    "name": "[直]囧次元",
    "version": 1,
    "webSite": "http://yhhy.zshtys888.com",
    "codeID": "KwdXRAgsew9EnmShYGEAl3nnHnhyDjgp",
    "api": "vod/js/jocy.js",
    "type": 101
  },
  {
    "name": "[直]厂长影视",
    "version": 2,
    "webSite": "https://www.czzy77.com",
    "api": "vod/js/changZhang20240614.js",
    "type": 101
  },
  {
    "name": "[直]两个bt",
    "version": 2,
    "webSite": "https://www.bttwoo.com",
    "api": "vod/js/bttwo.js",
    "type": 101
  },
  {
    "name": "[嗅]mifun",
    "version": 1,
    "webSite": "http://www.mifun.tw",
    "api": "vod/js/mifun.js",
    "type": 101
  },
  {
    "name": "[嗅]eacg2",
    "version": 1,
    "webSite": "https://eacg1.com",
    "api": "vod/js/eacg2.js",
    "type": 101
  },
  {
    "name": "[嗅]eacg",
    "version": 1,
    "webSite": "https://eacg1.com",
    "api": "vod/js/eacg.js",
    "type": 101
  },
  {
    "name": "[嗅]clicli",
    "version": 1,
    "webSite": "https://www.clicli.pro",
    "api": "vod/js/clicli.js",
    "type": 101
  },
  {
    "name": "[嗅]aggl",
    "version": 1,
    "webSite": "https://anime.girigirilove.com",
    "api": "vod/js/aggl.js",
    "type": 101
  },
  {
    "api": "https://cj.rycjapi.com/api.php/provide/vod",
    "name": "[采]如意",
    "type": 0
  },
  {
    "api": "https://json.heimuer.xyz/api.php/provide/vod/",
    "name": "[采]黑木耳",
    "type": 0
  },
  {
    "api": "https://cjhwba.com/api.php/provide/vod/",
    "name": "[采]华为吧",
    "type": 0
  },
  {
    "name": "夸克|123|189|UC 网盘解析工具",
    "version": 17,
    "remark": "iOS14 以上版本可用,App v1.6.54 及以上版本可用",
    "env": "UCCookie##用于播放UC网盘视频&&UC_UT##播放视频自动获取，不可用时点击删除重新获取 cookie ，再重启app&&夸克Cookie##用于播放Quark网盘视频&&阿里Token##用于播放阿里网盘视频&&转存文件夹名称##在各网盘转存文件时使用的文件夹名称&&123网盘账号##用于播放123网盘视频&&123网盘密码##用于播放123网盘视频&&天翼网盘账号##用于播放天翼网盘视频&&天翼网盘密码##用于播放天翼网盘视频",
    "api": "panTools/js/panTools2.js",
    "type": 300
  },
  {
    "name": "豆瓣推荐",
    "version": 3,
    "remark": "iOS14 以上版本可用",
    "codeID": "N7WRmLmOdB8FSh4M",
    "api": "recommend/js/douban.txt",
    "type": 200
  },
  {
    "name": "弹幕扩展",
    "version": 1,
    "api": "danMu/js/danMu.js",
    "type": 400
  },
  {
    "name": "弹幕扩展",
    "version": 10,
    "remark": "搜不到就算了，不要那么执着",
    "codeID": "HyplMQ00pLZipW1jy1e9qTsjZbznKjq2",
    "api": "danMu/js/danMu2.txt",
    "type": 400
  }
]